<?xml version="1.0" encoding="UTF-8"?>
<beans xmlns="http://www.springframework.org/schema/beans" xmlns:xsi="http://www.w3.org/2001/XMLSchema-instance"
  xmlns:context="http://www.springframework.org/schema/context" xmlns:tx="http://www.springframework.org/schema/tx"
  xmlns:jee="http://www.springframework.org/schema/jee" xmlns:aop="http://www.springframework.org/schema/aop"
  xsi:schemaLocation="http://www.springframework.org/schema/beans http://www.springframework.org/schema/beans/spring-beans-3.0.xsd
       http://www.springframework.org/schema/context http://www.springframework.org/schema/context/spring-context-3.0.xsd
       http://www.springframework.org/schema/tx http://www.springframework.org/schema/tx/spring-tx-3.0.xsd
       http://www.springframework.org/schema/jee http://www.springframework.org/schema/jee/spring-jee-3.0.xsd
       http://www.springframework.org/schema/aop http://www.springframework.org/schema/aop/spring-aop-3.0.xsd">
       
	<bean id="processEngineConfiguration" class="org.activiti.engine.impl.cfg.StandaloneProcessEngineConfiguration">
		<!--连接数据库  -->
		<property name="jdbcDriver"  value="com.microsoft.sqlserver.jdbc.SQLServerDriver"></property>
		<property name="jdbcUrl"  value="jdbc:sqlserver://localhost:1433;databaseName=Activtit"></property>
		<property name="jdbcUsername"  value="sa"></property>
		<property name="jdbcPassword"  value="sa123456"></property>
		
		<!-- 没有表，创建表 -->
		<property name="databaseSchemaUpdate" value="true"></property>
	</bean>
  
</beans>